PassengerId,Survived,Pclass,Age,SibSp,Parch,Fare,Sex_Male,Embarked_Q,Embarked_S,Month,Is_Weekend,DayOfWeek_Monday,DayOfWeek_Saturday,DayOfWeek_Sunday,DayOfWeek_Thursday,DayOfWeek_Tuesday,DayOfWeek_Wednesday
1,0,3,22.0,1.0,0,7.25,True,False,True,1,False,False,False,False,True,False,False
2,1,1,38.0,1.0,0,65.6344,False,False,False,1,False,False,False,False,False,False,False
3,1,3,26.0,0.0,0,7.925,False,False,True,1,True,False,True,False,False,False,False
4,1,1,35.0,1.0,0,53.1,False,False,True,1,True,False,False,True,False,False,False
5,0,3,35.0,0.0,0,8.05,True,False,True,1,False,True,False,False,False,False,False
6,0,3,28.0,0.0,0,8.4583,True,True,False,1,False,False,False,False,False,True,False
7,0,1,54.0,0.0,0,51.8625,True,False,True,1,False,False,False,False,False,False,True
8,0,3,2.5,2.5,0,21.075,True,False,True,1,False,False,False,False,True,False,False
9,1,3,27.0,0.0,0,11.1333,False,False,True,1,False,False,False,False,False,False,False
10,1,2,14.0,1.0,0,30.0708,False,False,False,1,True,False,True,False,False,False,False
11,1,3,4.0,1.0,0,16.7,False,False,True,1,True,False,False,True,False,False,False
12,1,1,54.5,0.0,0,26.55,False,False,True,1,False,True,False,False,False,False,False
13,0,3,20.0,0.0,0,8.05,True,False,True,1,False,False,False,False,False,True,False
14,0,3,39.0,1.0,0,31.275,True,False,True,1,False,False,False,False,False,False,True
15,0,3,14.0,0.0,0,7.8542,False,False,True,1,False,False,False,False,True,False,False
16,1,2,54.5,0.0,0,16.0,False,False,True,1,False,False,False,False,False,False,False
17,0,3,2.5,2.5,0,29.125,True,True,False,1,True,False,True,False,False,False,False
18,1,2,28.0,0.0,0,13.0,True,False,True,1,True,False,False,True,False,False,False
19,0,3,31.0,1.0,0,18.0,False,False,True,1,False,True,False,False,False,False,False
20,1,3,28.0,0.0,0,7.225,False,False,False,1,False,False,False,False,False,True,False
21,0,2,35.0,0.0,0,26.0,True,False,True,1,False,False,False,False,False,False,True
22,1,2,34.0,0.0,0,13.0,True,False,True,1,False,False,False,False,True,False,False
23,1,3,15.0,0.0,0,8.0292,False,True,False,1,False,False,False,False,False,False,False
24,1,1,28.0,0.0,0,35.5,True,False,True,1,True,False,True,False,False,False,False
25,0,3,8.0,2.5,0,21.075,False,False,True,1,True,False,False,True,False,False,False
26,1,3,38.0,1.0,0,31.3875,False,False,True,1,False,True,False,False,False,False,False
27,0,3,28.0,0.0,0,7.225,True,False,False,1,False,False,False,False,False,True,False
28,0,1,19.0,2.5,0,65.6344,True,False,True,1,False,False,False,False,False,False,True
29,1,3,28.0,0.0,0,7.8792,False,True,False,1,False,False,False,False,True,False,False
30,0,3,28.0,0.0,0,7.8958,True,False,True,1,False,False,False,False,False,False,False
31,0,1,40.0,0.0,0,27.7208,True,False,False,1,True,False,True,False,False,False,False
32,1,1,28.0,1.0,0,65.6344,False,False,False,2,True,False,False,True,False,False,False
33,1,3,28.0,0.0,0,7.75,False,True,False,2,False,True,False,False,False,False,False
34,0,2,54.5,0.0,0,10.5,True,False,True,2,False,False,False,False,False,True,False
35,0,1,28.0,1.0,0,65.6344,True,False,False,2,False,False,False,False,False,False,True
36,0,1,42.0,1.0,0,52.0,True,False,True,2,False,False,False,False,True,False,False
37,1,3,28.0,0.0,0,7.2292,True,False,False,2,False,False,False,False,False,False,False
38,0,3,21.0,0.0,0,8.05,True,False,True,2,True,False,True,False,False,False,False
39,0,3,18.0,2.0,0,18.0,False,False,True,2,True,False,False,True,False,False,False
40,1,3,14.0,1.0,0,11.2417,False,False,False,2,False,True,False,False,False,False,False
41,0,3,40.0,1.0,0,9.475,False,False,True,2,False,False,False,False,False,True,False
42,0,2,27.0,1.0,0,21.0,False,False,True,2,False,False,False,False,False,False,True
43,0,3,28.0,0.0,0,7.8958,True,False,False,2,False,False,False,False,True,False,False
44,1,2,3.0,1.0,0,41.5792,False,False,False,2,False,False,False,False,False,False,False
45,1,3,19.0,0.0,0,7.8792,False,True,False,2,True,False,True,False,False,False,False
46,0,3,28.0,0.0,0,8.05,True,False,True,2,True,False,False,True,False,False,False
47,0,3,28.0,1.0,0,15.5,True,True,False,2,False,True,False,False,False,False,False
48,1,3,28.0,0.0,0,7.75,False,True,False,2,False,False,False,False,False,True,False
49,0,3,28.0,2.0,0,21.6792,True,False,False,2,False,False,False,False,False,False,True
50,0,3,18.0,1.0,0,17.8,False,False,True,2,False,False,False,False,True,False,False
51,0,3,7.0,2.5,0,39.6875,True,False,True,2,False,False,False,False,False,False,False
52,0,3,21.0,0.0,0,7.8,True,False,True,2,True,False,True,False,False,False,False
53,1,1,49.0,1.0,0,65.6344,False,False,False,2,True,False,False,True,False,False,False
54,1,2,29.0,1.0,0,26.0,False,False,True,2,False,True,False,False,False,False,False
55,0,1,54.5,0.0,0,61.9792,True,False,False,2,False,False,False,False,False,True,False
56,1,1,28.0,0.0,0,35.5,True,False,True,2,False,False,False,False,False,False,True
57,1,2,21.0,0.0,0,10.5,False,False,True,2,False,False,False,False,True,False,False
58,0,3,28.5,0.0,0,7.2292,True,False,False,2,False,False,False,False,False,False,False
59,1,2,5.0,1.0,0,27.75,False,False,True,2,True,False,True,False,False,False,False
60,0,3,11.0,2.5,0,46.9,True,False,True,3,True,False,False,True,False,False,False
61,0,3,22.0,0.0,0,7.2292,True,False,False,3,False,True,False,False,False,False,False
62,1,1,38.0,0.0,0,65.6344,False,False,True,3,False,False,False,False,False,True,False
63,0,1,45.0,1.0,0,65.6344,True,False,True,3,False,False,False,False,False,False,True
64,0,3,4.0,2.5,0,27.9,True,False,True,3,False,False,False,False,True,False,False
65,0,1,28.0,0.0,0,27.7208,True,False,False,3,False,False,False,False,False,False,False
66,1,3,28.0,1.0,0,15.2458,True,False,False,3,True,False,True,False,False,False,False
67,1,2,29.0,0.0,0,10.5,False,False,True,3,True,False,False,True,False,False,False
68,0,3,19.0,0.0,0,8.1583,True,False,True,3,False,True,False,False,False,False,False
69,1,3,17.0,2.5,0,7.925,False,False,True,3,False,False,False,False,False,True,False
70,0,3,26.0,2.0,0,8.6625,True,False,True,3,False,False,False,False,False,False,True
71,0,2,32.0,0.0,0,10.5,True,False,True,3,False,False,False,False,True,False,False
72,0,3,16.0,2.5,0,46.9,False,False,True,3,False,False,False,False,False,False,False
73,0,2,21.0,0.0,0,65.6344,True,False,True,3,True,False,True,False,False,False,False
74,0,3,26.0,1.0,0,14.4542,True,False,False,3,True,False,False,True,False,False,False
75,1,3,32.0,0.0,0,56.4958,True,False,True,3,False,True,False,False,False,False,False
76,0,3,25.0,0.0,0,7.65,True,False,True,3,False,False,False,False,False,True,False
77,0,3,28.0,0.0,0,7.8958,True,False,True,3,False,False,False,False,False,False,True
78,0,3,28.0,0.0,0,8.05,True,False,True,3,False,False,False,False,True,False,False
79,1,2,2.5,0.0,0,29.0,True,False,True,3,False,False,False,False,False,False,False
80,1,3,30.0,0.0,0,12.475,False,False,True,3,True,False,True,False,False,False,False
81,0,3,22.0,0.0,0,9.0,True,False,True,3,True,False,False,True,False,False,False
82,1,3,29.0,0.0,0,9.5,True,False,True,3,False,True,False,False,False,False,False
83,1,3,28.0,0.0,0,7.7875,False,True,False,3,False,False,False,False,False,True,False
84,0,1,28.0,0.0,0,47.1,True,False,True,3,False,False,False,False,False,False,True
85,1,2,17.0,0.0,0,10.5,False,False,True,3,False,False,False,False,True,False,False
86,1,3,33.0,2.5,0,15.85,False,False,True,3,False,False,False,False,False,False,False
87,0,3,16.0,1.0,0,34.375,True,False,True,3,True,False,True,False,False,False,False
88,0,3,28.0,0.0,0,8.05,True,False,True,3,True,False,False,True,False,False,False
89,1,1,23.0,2.5,0,65.6344,False,False,True,3,False,True,False,False,False,False,False
90,0,3,24.0,0.0,0,8.05,True,False,True,3,False,False,False,False,False,True,False
91,0,3,29.0,0.0,0,8.05,True,False,True,4,False,False,False,False,False,False,True
92,0,3,20.0,0.0,0,7.8542,True,False,True,4,False,False,False,False,True,False,False
93,0,1,46.0,1.0,0,61.175,True,False,True,4,False,False,False,False,False,False,False
94,0,3,26.0,1.0,0,20.575,True,False,True,4,True,False,True,False,False,False,False
95,0,3,54.5,0.0,0,7.25,True,False,True,4,True,False,False,True,False,False,False
96,0,3,28.0,0.0,0,8.05,True,False,True,4,False,True,False,False,False,False,False
97,0,1,54.5,0.0,0,34.6542,True,False,False,4,False,False,False,False,False,True,False
98,1,1,23.0,0.0,0,63.3583,True,False,False,4,False,False,False,False,False,False,True
99,1,2,34.0,0.0,0,23.0,False,False,True,4,False,False,False,False,True,False,False
100,0,2,34.0,1.0,0,26.0,True,False,True,4,False,False,False,False,False,False,False
101,0,3,28.0,0.0,0,7.8958,False,False,True,4,True,False,True,False,False,False,False
102,0,3,28.0,0.0,0,7.8958,True,False,True,4,True,False,False,True,False,False,False
103,0,1,21.0,0.0,0,65.6344,True,False,True,4,False,True,False,False,False,False,False
104,0,3,33.0,0.0,0,8.6542,True,False,True,4,False,False,False,False,False,True,False
105,0,3,37.0,2.0,0,7.925,True,False,True,4,False,False,False,False,False,False,True
106,0,3,28.0,0.0,0,7.8958,True,False,True,4,False,False,False,False,True,False,False
107,1,3,21.0,0.0,0,7.65,False,False,True,4,False,False,False,False,False,False,False
108,1,3,28.0,0.0,0,7.775,True,False,True,4,True,False,True,False,False,False,False
109,0,3,38.0,0.0,0,7.8958,True,False,True,4,True,False,False,True,False,False,False
110,1,3,28.0,1.0,0,24.15,False,True,False,4,False,True,False,False,False,False,False
111,0,1,47.0,0.0,0,52.0,True,False,True,4,False,False,False,False,False,True,False
112,0,3,14.5,1.0,0,14.4542,False,False,False,4,False,False,False,False,False,False,True
113,0,3,22.0,0.0,0,8.05,True,False,True,4,False,False,False,False,True,False,False
114,0,3,20.0,1.0,0,9.825,False,False,True,4,False,False,False,False,False,False,False
115,0,3,17.0,0.0,0,14.4583,False,False,False,4,True,False,True,False,False,False,False
116,0,3,21.0,0.0,0,7.925,True,False,True,4,True,False,False,True,False,False,False
117,0,3,54.5,0.0,0,7.75,True,True,False,4,False,True,False,False,False,False,False
118,0,2,29.0,1.0,0,21.0,True,False,True,4,False,False,False,False,False,True,False
119,0,1,24.0,0.0,0,65.6344,True,False,False,4,False,False,False,False,False,False,True
120,0,3,2.5,2.5,0,31.275,False,False,True,4,False,False,False,False,True,False,False
121,0,2,21.0,2.0,0,65.6344,True,False,True,5,False,False,False,False,False,False,False
122,0,3,28.0,0.0,0,8.05,True,False,True,5,True,False,True,False,False,False,False
123,0,2,32.5,1.0,0,30.0708,True,False,False,5,True,False,False,True,False,False,False
124,1,2,32.5,0.0,0,13.0,False,False,True,5,False,True,False,False,False,False,False
125,0,1,54.0,0.0,0,65.6344,True,False,True,5,False,False,False,False,False,True,False
126,1,3,12.0,1.0,0,11.2417,True,False,False,5,False,False,False,False,False,False,True
127,0,3,28.0,0.0,0,7.75,True,True,False,5,False,False,False,False,True,False,False
128,1,3,24.0,0.0,0,7.1417,True,False,True,5,False,False,False,False,False,False,False
129,1,3,28.0,1.0,0,22.3583,False,False,False,5,True,False,True,False,False,False,False
130,0,3,45.0,0.0,0,6.975,True,False,True,5,True,False,False,True,False,False,False
131,0,3,33.0,0.0,0,7.8958,True,False,False,5,False,True,False,False,False,False,False
132,0,3,20.0,0.0,0,7.05,True,False,True,5,False,False,False,False,False,True,False
133,0,3,47.0,1.0,0,14.5,False,False,True,5,False,False,False,False,False,False,True
134,1,2,29.0,1.0,0,26.0,False,False,True,5,False,False,False,False,True,False,False
135,0,2,25.0,0.0,0,13.0,True,False,True,5,False,False,False,False,False,False,False
136,0,2,23.0,0.0,0,15.0458,True,False,False,5,True,False,True,False,False,False,False
137,1,1,19.0,0.0,0,26.2833,False,False,True,5,True,False,False,True,False,False,False
138,0,1,37.0,1.0,0,53.1,True,False,True,5,False,True,False,False,False,False,False
139,0,3,16.0,0.0,0,9.2167,True,False,True,5,False,False,False,False,False,True,False
140,0,1,24.0,0.0,0,65.6344,True,False,False,5,False,False,False,False,False,False,True
141,0,3,28.0,0.0,0,15.2458,False,False,False,5,False,False,False,False,True,False,False
142,1,3,22.0,0.0,0,7.75,False,False,True,5,False,False,False,False,False,False,False
143,1,3,24.0,1.0,0,15.85,False,False,True,5,True,False,True,False,False,False,False
144,0,3,19.0,0.0,0,6.75,True,True,False,5,True,False,False,True,False,False,False
145,0,2,18.0,0.0,0,11.5,True,False,True,5,False,True,False,False,False,False,False
146,0,2,19.0,1.0,0,36.75,True,False,True,5,False,False,False,False,False,True,False
147,1,3,27.0,0.0,0,7.7958,True,False,True,5,False,False,False,False,False,False,True
148,0,3,9.0,2.0,0,34.375,False,False,True,5,False,False,False,False,True,False,False
149,0,2,36.5,0.0,0,26.0,True,False,True,5,False,False,False,False,False,False,False
150,0,2,42.0,0.0,0,13.0,True,False,True,5,True,False,True,False,False,False,False
151,0,2,51.0,0.0,0,12.525,True,False,True,5,True,False,False,True,False,False,False
152,1,1,22.0,1.0,0,65.6344,False,False,True,6,False,True,False,False,False,False,False
153,0,3,54.5,0.0,0,8.05,True,False,True,6,False,False,False,False,False,True,False
154,0,3,40.5,0.0,0,14.5,True,False,True,6,False,False,False,False,False,False,True
155,0,3,28.0,0.0,0,7.3125,True,False,True,6,False,False,False,False,True,False,False
156,0,1,51.0,0.0,0,61.3792,True,False,False,6,False,False,False,False,False,False,False
157,1,3,16.0,0.0,0,7.7333,False,True,False,6,True,False,True,False,False,False,False
158,0,3,30.0,0.0,0,8.05,True,False,True,6,True,False,False,True,False,False,False
159,0,3,28.0,0.0,0,8.6625,True,False,True,6,False,True,False,False,False,False,False
160,0,3,28.0,2.5,0,65.6344,True,False,True,6,False,False,False,False,False,True,False
161,0,3,44.0,0.0,0,16.1,True,False,True,6,False,False,False,False,False,False,True
162,1,2,40.0,0.0,0,15.75,False,False,True,6,False,False,False,False,True,False,False
163,0,3,26.0,0.0,0,7.775,True,False,True,6,False,False,False,False,False,False,False
164,0,3,17.0,0.0,0,8.6625,True,False,True,6,True,False,True,False,False,False,False
165,0,3,2.5,2.5,0,39.6875,True,False,True,6,True,False,False,True,False,False,False
166,1,3,9.0,0.0,0,20.525,True,False,True,6,False,True,False,False,False,False,False
167,1,1,28.0,0.0,0,55.0,False,False,True,6,False,False,False,False,False,True,False
168,0,3,45.0,1.0,0,27.9,False,False,True,6,False,False,False,False,False,False,True
169,0,1,28.0,0.0,0,25.925,True,False,True,6,False,False,False,False,True,False,False
170,0,3,28.0,0.0,0,56.4958,True,False,True,6,False,False,False,False,False,False,False
171,0,1,54.5,0.0,0,33.5,True,False,True,6,True,False,True,False,False,False,False
172,0,3,4.0,2.5,0,29.125,True,True,False,6,True,False,False,True,False,False,False
173,1,3,2.5,1.0,0,11.1333,False,False,True,6,False,True,False,False,False,False,False
174,0,3,21.0,0.0,0,7.925,True,False,True,6,False,False,False,False,False,True,False
175,0,1,54.5,0.0,0,30.6958,True,False,False,6,False,False,False,False,False,False,True
176,0,3,18.0,1.0,0,7.8542,True,False,True,6,False,False,False,False,True,False,False
177,0,3,28.0,2.5,0,25.4667,True,False,True,6,False,False,False,False,False,False,False
178,0,1,50.0,0.0,0,28.7125,False,False,False,6,True,False,True,False,False,False,False
179,0,2,30.0,0.0,0,13.0,True,False,True,6,True,False,False,True,False,False,False
180,0,3,36.0,0.0,0,0.0,True,False,True,6,False,True,False,False,False,False,False
181,0,3,28.0,2.5,0,65.6344,False,False,True,6,False,False,False,False,False,True,False
182,0,2,28.0,0.0,0,15.05,True,False,False,7,False,False,False,False,False,False,True
183,0,3,9.0,2.5,0,31.3875,True,False,True,7,False,False,False,False,True,False,False
184,1,2,2.5,2.0,0,39.0,True,False,True,7,False,False,False,False,False,False,False
185,1,3,4.0,0.0,0,22.025,False,False,True,7,True,False,True,False,False,False,False
186,0,1,28.0,0.0,0,50.0,True,False,True,7,True,False,False,True,False,False,False
187,1,3,28.0,1.0,0,15.5,False,True,False,7,False,True,False,False,False,False,False
188,1,1,45.0,0.0,0,26.55,True,False,True,7,False,False,False,False,False,True,False
189,0,3,40.0,1.0,0,15.5,True,True,False,7,False,False,False,False,False,False,True
190,0,3,36.0,0.0,0,7.8958,True,False,True,7,False,False,False,False,True,False,False
191,1,2,32.0,0.0,0,13.0,False,False,True,7,False,False,False,False,False,False,False
192,0,2,19.0,0.0,0,13.0,True,False,True,7,True,False,True,False,False,False,False
193,1,3,19.0,1.0,0,7.8542,False,False,True,7,True,False,False,True,False,False,False
194,1,2,3.0,1.0,0,26.0,True,False,True,7,False,True,False,False,False,False,False
195,1,1,44.0,0.0,0,27.7208,False,False,False,7,False,False,False,False,False,True,False
196,1,1,54.5,0.0,0,65.6344,False,False,False,7,False,False,False,False,False,False,True
197,0,3,28.0,0.0,0,7.75,True,True,False,7,False,False,False,False,True,False,False
198,0,3,42.0,0.0,0,8.4042,True,False,True,7,False,False,False,False,False,False,False
199,1,3,28.0,0.0,0,7.75,False,True,False,7,True,False,True,False,False,False,False
200,0,2,24.0,0.0,0,13.0,False,False,True,7,True,False,False,True,False,False,False
201,0,3,28.0,0.0,0,9.5,True,False,True,7,False,True,False,False,False,False,False
202,0,3,28.0,2.5,0,65.6344,True,False,True,7,False,False,False,False,False,True,False
203,0,3,34.0,0.0,0,6.4958,True,False,True,7,False,False,False,False,False,False,True
204,0,3,45.5,0.0,0,7.225,True,False,False,7,False,False,False,False,True,False,False
205,1,3,18.0,0.0,0,8.05,True,False,True,7,False,False,False,False,False,False,False
206,0,3,2.5,0.0,0,10.4625,False,False,True,7,True,False,True,False,False,False,False
207,0,3,32.0,1.0,0,15.85,True,False,True,7,True,False,False,True,False,False,False
208,1,3,26.0,0.0,0,18.7875,True,False,False,7,False,True,False,False,False,False,False
209,1,3,16.0,0.0,0,7.75,False,True,False,7,False,False,False,False,False,True,False
210,1,1,40.0,0.0,0,31.0,True,False,False,7,False,False,False,False,False,False,True
211,0,3,24.0,0.0,0,7.05,True,False,True,7,False,False,False,False,True,False,False
212,1,2,35.0,0.0,0,21.0,False,False,True,7,False,False,False,False,False,False,False
213,0,3,22.0,0.0,0,7.25,True,False,True,8,True,False,True,False,False,False,False
214,0,2,30.0,0.0,0,13.0,True,False,True,8,True,False,False,True,False,False,False
215,0,3,28.0,1.0,0,7.75,True,True,False,8,False,True,False,False,False,False,False
216,1,1,31.0,1.0,0,65.6344,False,False,False,8,False,False,False,False,False,True,False
217,1,3,27.0,0.0,0,7.925,False,False,True,8,False,False,False,False,False,False,True
218,0,2,42.0,1.0,0,27.0,True,False,True,8,False,False,False,False,True,False,False
219,1,1,32.0,0.0,0,65.6344,False,False,False,8,False,False,False,False,False,False,False
220,0,2,30.0,0.0,0,10.5,True,False,True,8,True,False,True,False,False,False,False
221,1,3,16.0,0.0,0,8.05,True,False,True,8,True,False,False,True,False,False,False
222,0,2,27.0,0.0,0,13.0,True,False,True,8,False,True,False,False,False,False,False
223,0,3,51.0,0.0,0,8.05,True,False,True,8,False,False,False,False,False,True,False
224,0,3,28.0,0.0,0,7.8958,True,False,True,8,False,False,False,False,False,False,True
225,1,1,38.0,1.0,0,65.6344,True,False,True,8,False,False,False,False,True,False,False
226,0,3,22.0,0.0,0,9.35,True,False,True,8,False,False,False,False,False,False,False
227,1,2,19.0,0.0,0,10.5,True,False,True,8,True,False,True,False,False,False,False
228,0,3,20.5,0.0,0,7.25,True,False,True,8,True,False,False,True,False,False,False
229,0,2,18.0,0.0,0,13.0,True,False,True,8,False,True,False,False,False,False,False
230,0,3,28.0,2.5,0,25.4667,False,False,True,8,False,False,False,False,False,True,False
231,1,1,35.0,1.0,0,65.6344,False,False,True,8,False,False,False,False,False,False,True
232,0,3,29.0,0.0,0,7.775,True,False,True,8,False,False,False,False,True,False,False
233,0,2,54.5,0.0,0,13.5,True,False,True,8,False,False,False,False,False,False,False
234,1,3,5.0,2.5,0,31.3875,False,False,True,8,True,False,True,False,False,False,False
235,0,2,24.0,0.0,0,10.5,True,False,True,8,True,False,False,True,False,False,False
236,0,3,28.0,0.0,0,7.55,False,False,True,8,False,True,False,False,False,False,False
237,0,2,44.0,1.0,0,26.0,True,False,True,8,False,False,False,False,False,True,False
238,1,2,8.0,0.0,0,26.25,False,False,True,8,False,False,False,False,False,False,True
239,0,2,19.0,0.0,0,10.5,True,False,True,8,False,False,False,False,True,False,False
240,0,2,33.0,0.0,0,12.275,True,False,True,8,False,False,False,False,False,False,False
241,0,3,28.0,1.0,0,14.4542,False,False,False,8,True,False,True,False,False,False,False
242,1,3,28.0,1.0,0,15.5,False,True,False,8,True,False,False,True,False,False,False
243,0,2,29.0,0.0,0,10.5,True,False,True,8,False,True,False,False,False,False,False
244,0,3,22.0,0.0,0,7.125,True,False,True,9,False,False,False,False,False,True,False
245,0,3,30.0,0.0,0,7.225,True,False,False,9,False,False,False,False,False,False,True
246,0,1,44.0,2.0,0,65.6344,True,True,False,9,False,False,False,False,True,False,False
247,0,3,25.0,0.0,0,7.775,False,False,True,9,False,False,False,False,False,False,False
248,1,2,24.0,0.0,0,14.5,False,False,True,9,True,False,True,False,False,False,False
249,1,1,37.0,1.0,0,52.5542,True,False,True,9,True,False,False,True,False,False,False
250,0,2,54.0,1.0,0,26.0,True,False,True,9,False,True,False,False,False,False,False
251,0,3,28.0,0.0,0,7.25,True,False,True,9,False,False,False,False,False,True,False
252,0,3,29.0,1.0,0,10.4625,False,False,True,9,False,False,False,False,False,False,True
253,0,1,54.5,0.0,0,26.55,True,False,True,9,False,False,False,False,True,False,False
254,0,3,30.0,1.0,0,16.1,True,False,True,9,False,False,False,False,False,False,False
255,0,3,41.0,0.0,0,20.2125,False,False,True,9,True,False,True,False,False,False,False
256,1,3,29.0,0.0,0,15.2458,False,False,False,9,True,False,False,True,False,False,False
257,1,1,28.0,0.0,0,65.6344,False,False,False,9,False,True,False,False,False,False,False
258,1,1,30.0,0.0,0,65.6344,False,False,True,9,False,False,False,False,False,True,False
259,1,1,35.0,0.0,0,65.6344,False,False,False,9,False,False,False,False,False,False,True
260,1,2,50.0,0.0,0,26.0,False,False,True,9,False,False,False,False,True,False,False
261,0,3,28.0,0.0,0,7.75,True,True,False,9,False,False,False,False,False,False,False
262,1,3,3.0,2.5,0,31.3875,True,False,True,9,True,False,True,False,False,False,False
263,0,1,52.0,1.0,0,65.6344,True,False,True,9,True,False,False,True,False,False,False
264,0,1,40.0,0.0,0,0.0,True,False,True,9,False,True,False,False,False,False,False
265,0,3,28.0,0.0,0,7.75,False,True,False,9,False,False,False,False,False,True,False
266,0,2,36.0,0.0,0,10.5,True,False,True,9,False,False,False,False,False,False,True
267,0,3,16.0,2.5,0,39.6875,True,False,True,9,False,False,False,False,True,False,False
268,1,3,25.0,1.0,0,7.775,True,False,True,9,False,False,False,False,False,False,False
269,1,1,54.5,0.0,0,65.6344,False,False,True,9,True,False,True,False,False,False,False
270,1,1,35.0,0.0,0,65.6344,False,False,True,9,True,False,False,True,False,False,False
271,0,1,28.0,0.0,0,31.0,True,False,True,9,False,True,False,False,False,False,False
272,1,3,25.0,0.0,0,0.0,True,False,True,9,False,False,False,False,False,True,False
273,1,2,41.0,0.0,0,19.5,False,False,True,9,False,False,False,False,False,False,True
274,0,1,37.0,0.0,0,29.7,True,False,False,10,False,False,False,False,True,False,False
275,1,3,28.0,0.0,0,7.75,False,True,False,10,False,False,False,False,False,False,False
276,1,1,54.5,1.0,0,65.6344,False,False,True,10,True,False,True,False,False,False,False
277,0,3,45.0,0.0,0,7.75,False,False,True,10,True,False,False,True,False,False,False
278,0,2,28.0,0.0,0,0.0,True,False,True,10,False,True,False,False,False,False,False
279,0,3,7.0,2.5,0,29.125,True,True,False,10,False,False,False,False,False,True,False
280,1,3,35.0,1.0,0,20.25,False,False,True,10,False,False,False,False,False,False,True
281,0,3,54.5,0.0,0,7.75,True,True,False,10,False,False,False,False,True,False,False
282,0,3,28.0,0.0,0,7.8542,True,False,True,10,False,False,False,False,False,False,False
283,0,3,16.0,0.0,0,9.5,True,False,True,10,True,False,True,False,False,False,False
284,1,3,19.0,0.0,0,8.05,True,False,True,10,True,False,False,True,False,False,False
285,0,1,28.0,0.0,0,26.0,True,False,True,10,False,True,False,False,False,False,False
286,0,3,33.0,0.0,0,8.6625,True,False,False,10,False,False,False,False,False,True,False
287,1,3,30.0,0.0,0,9.5,True,False,True,10,False,False,False,False,False,False,True
288,0,3,22.0,0.0,0,7.8958,True,False,True,10,False,False,False,False,True,False,False
289,1,2,42.0,0.0,0,13.0,True,False,True,10,False,False,False,False,False,False,False
290,1,3,22.0,0.0,0,7.75,False,True,False,10,True,False,True,False,False,False,False
291,1,1,26.0,0.0,0,65.6344,False,False,True,10,True,False,False,True,False,False,False
292,1,1,19.0,1.0,0,65.6344,False,False,False,10,False,True,False,False,False,False,False
293,0,2,36.0,0.0,0,12.875,True,False,False,10,False,False,False,False,False,True,False
294,0,3,24.0,0.0,0,8.85,False,False,True,10,False,False,False,False,False,False,True
295,0,3,24.0,0.0,0,7.8958,True,False,True,10,False,False,False,False,True,False,False
296,0,1,28.0,0.0,0,27.7208,True,False,False,10,False,False,False,False,False,False,False
297,0,3,23.5,0.0,0,7.2292,True,False,False,10,True,False,True,False,False,False,False
298,0,1,2.5,1.0,0,65.6344,False,False,True,10,True,False,False,True,False,False,False
299,1,1,28.0,0.0,0,30.5,True,False,True,10,False,True,False,False,False,False,False
300,1,1,50.0,0.0,0,65.6344,False,False,False,10,False,False,False,False,False,True,False
301,1,3,28.0,0.0,0,7.75,False,True,False,10,False,False,False,False,False,False,True
302,1,3,28.0,2.0,0,23.25,True,True,False,10,False,False,False,False,True,False,False
303,0,3,19.0,0.0,0,0.0,True,False,True,10,False,False,False,False,False,False,False
304,1,2,28.0,0.0,0,12.35,False,True,False,10,True,False,True,False,False,False,False
305,0,3,28.0,0.0,0,8.05,True,False,True,11,True,False,False,True,False,False,False
306,1,1,2.5,1.0,0,65.6344,True,False,True,11,False,True,False,False,False,False,False
307,1,1,28.0,0.0,0,65.6344,False,False,False,11,False,False,False,False,False,True,False
308,1,1,17.0,1.0,0,65.6344,False,False,False,11,False,False,False,False,False,False,True
309,0,2,30.0,1.0,0,24.0,True,False,False,11,False,False,False,False,True,False,False
310,1,1,30.0,0.0,0,56.9292,False,False,False,11,False,False,False,False,False,False,False
311,1,1,24.0,0.0,0,65.6344,False,False,False,11,True,False,True,False,False,False,False
312,1,1,18.0,2.0,0,65.6344,False,False,False,11,True,False,False,True,False,False,False
313,0,2,26.0,1.0,0,26.0,False,False,True,11,False,True,False,False,False,False,False
314,0,3,28.0,0.0,0,7.8958,True,False,True,11,False,False,False,False,False,True,False
315,0,2,43.0,1.0,0,26.25,True,False,True,11,False,False,False,False,False,False,True
316,1,3,26.0,0.0,0,7.8542,False,False,True,11,False,False,False,False,True,False,False
317,1,2,24.0,1.0,0,26.0,False,False,True,11,False,False,False,False,False,False,False
318,0,2,54.0,0.0,0,14.0,True,False,True,11,True,False,True,False,False,False,False
319,1,1,31.0,0.0,0,65.6344,False,False,True,11,True,False,False,True,False,False,False
320,1,1,40.0,1.0,0,65.6344,False,False,False,11,False,True,False,False,False,False,False
321,0,3,22.0,0.0,0,7.25,True,False,True,11,False,False,False,False,False,True,False
322,0,3,27.0,0.0,0,7.8958,True,False,True,11,False,False,False,False,False,False,True
323,1,2,30.0,0.0,0,12.35,False,True,False,11,False,False,False,False,True,False,False
324,1,2,22.0,1.0,0,29.0,False,False,True,11,False,False,False,False,False,False,False
325,0,3,28.0,2.5,0,65.6344,True,False,True,11,True,False,True,False,False,False,False
326,1,1,36.0,0.0,0,65.6344,False,False,False,11,True,False,False,True,False,False,False
327,0,3,54.5,0.0,0,6.2375,True,False,True,11,False,True,False,False,False,False,False
328,1,2,36.0,0.0,0,13.0,False,False,True,11,False,False,False,False,False,True,False
329,1,3,31.0,1.0,0,20.525,False,False,True,11,False,False,False,False,False,False,True
330,1,1,16.0,0.0,0,57.9792,False,False,False,11,False,False,False,False,True,False,False
331,1,3,28.0,2.0,0,23.25,False,True,False,11,False,False,False,False,False,False,False
332,0,1,45.5,0.0,0,28.5,True,False,True,11,True,False,True,False,False,False,False
333,0,1,38.0,0.0,0,65.6344,True,False,True,11,True,False,False,True,False,False,False
334,0,3,16.0,2.0,0,18.0,True,False,True,11,False,True,False,False,False,False,False
335,1,1,28.0,1.0,0,65.6344,False,False,True,12,False,False,False,False,False,True,False
336,0,3,28.0,0.0,0,7.8958,True,False,True,12,False,False,False,False,False,False,True
337,0,1,29.0,1.0,0,65.6344,True,False,True,12,False,False,False,False,True,False,False
338,1,1,41.0,0.0,0,65.6344,False,False,False,12,False,False,False,False,False,False,False
339,1,3,45.0,0.0,0,8.05,True,False,True,12,True,False,True,False,False,False,False
340,0,1,45.0,0.0,0,35.5,True,False,True,12,True,False,False,True,False,False,False
341,1,2,2.5,1.0,0,26.0,True,False,True,12,False,True,False,False,False,False,False
342,1,1,24.0,2.5,0,65.6344,False,False,True,12,False,False,False,False,False,True,False
343,0,2,28.0,0.0,0,13.0,True,False,True,12,False,False,False,False,False,False,True
344,0,2,25.0,0.0,0,13.0,True,False,True,12,False,False,False,False,True,False,False
345,0,2,36.0,0.0,0,13.0,True,False,True,12,False,False,False,False,False,False,False
346,1,2,24.0,0.0,0,13.0,False,False,True,12,True,False,True,False,False,False,False
347,1,2,40.0,0.0,0,13.0,False,False,True,12,True,False,False,True,False,False,False
348,1,3,28.0,1.0,0,16.1,False,False,True,12,False,True,False,False,False,False,False
349,1,3,3.0,1.0,0,15.9,True,False,True,12,False,False,False,False,False,True,False
350,0,3,42.0,0.0,0,8.6625,True,False,True,12,False,False,False,False,False,False,True
351,0,3,23.0,0.0,0,9.225,True,False,True,12,False,False,False,False,True,False,False
352,0,1,28.0,0.0,0,35.0,True,False,True,12,False,False,False,False,False,False,False
353,0,3,15.0,1.0,0,7.2292,True,False,False,12,True,False,True,False,False,False,False
354,0,3,25.0,1.0,0,17.8,True,False,True,12,True,False,False,True,False,False,False
355,0,3,28.0,0.0,0,7.225,True,False,False,12,False,True,False,False,False,False,False
356,0,3,28.0,0.0,0,9.5,True,False,True,12,False,False,False,False,False,True,False
357,1,1,22.0,0.0,0,55.0,False,False,True,12,False,False,False,False,False,False,True
358,0,2,38.0,0.0,0,13.0,False,False,True,12,False,False,False,False,True,False,False
359,1,3,28.0,0.0,0,7.8792,False,True,False,12,False,False,False,False,False,False,False
360,1,3,28.0,0.0,0,7.8792,False,True,False,12,True,False,True,False,False,False,False
361,0,3,40.0,1.0,0,27.9,True,False,True,12,True,False,False,True,False,False,False
362,0,2,29.0,1.0,0,27.7208,True,False,False,12,False,True,False,False,False,False,False
363,0,3,45.0,0.0,0,14.4542,False,False,False,12,False,False,False,False,False,True,False
364,0,3,35.0,0.0,0,7.05,True,False,True,12,False,False,False,False,False,False,True
365,0,3,28.0,1.0,0,15.5,True,True,False,12,False,False,False,False,True,False,False
366,0,3,30.0,0.0,0,7.25,True,False,True,1,False,False,False,False,False,False,False
367,1,1,54.5,1.0,0,65.6344,False,False,False,1,True,False,True,False,False,False,False
368,1,3,28.0,0.0,0,7.2292,False,False,False,1,True,False,False,True,False,False,False
369,1,3,28.0,0.0,0,7.75,False,True,False,1,False,True,False,False,False,False,False
370,1,1,24.0,0.0,0,65.6344,False,False,False,1,False,False,False,False,False,True,False
371,1,1,25.0,1.0,0,55.4417,True,False,False,1,False,False,False,False,False,False,True
372,0,3,18.0,1.0,0,6.4958,True,False,True,1,False,False,False,False,True,False,False
373,0,3,19.0,0.0,0,8.05,True,False,True,1,False,False,False,False,False,False,False
374,0,1,22.0,0.0,0,65.6344,True,False,False,1,True,False,True,False,False,False,False
375,0,3,3.0,2.5,0,21.075,False,False,True,1,True,False,False,True,False,False,False
376,1,1,28.0,1.0,0,65.6344,False,False,False,1,False,True,False,False,False,False,False
377,1,3,22.0,0.0,0,7.25,False,False,True,1,False,False,False,False,False,True,False
378,0,1,27.0,0.0,0,65.6344,True,False,False,1,False,False,False,False,False,False,True
379,0,3,20.0,0.0,0,4.0125,True,False,False,1,False,False,False,False,True,False,False
380,0,3,19.0,0.0,0,7.775,True,False,True,1,False,False,False,False,False,False,False
381,1,1,42.0,0.0,0,65.6344,False,False,False,1,True,False,True,False,False,False,False
382,1,3,2.5,0.0,0,15.7417,False,False,False,1,True,False,False,True,False,False,False
383,0,3,32.0,0.0,0,7.925,True,False,True,1,False,True,False,False,False,False,False
384,1,1,35.0,1.0,0,52.0,False,False,True,1,False,False,False,False,False,True,False
385,0,3,28.0,0.0,0,7.8958,True,False,True,1,False,False,False,False,False,False,True
386,0,2,18.0,0.0,0,65.6344,True,False,True,1,False,False,False,False,True,False,False
387,0,3,2.5,2.5,0,46.9,True,False,True,1,False,False,False,False,False,False,False
388,1,2,36.0,0.0,0,13.0,False,False,True,1,True,False,True,False,False,False,False
389,0,3,28.0,0.0,0,7.7292,True,True,False,1,True,False,False,True,False,False,False
390,1,2,17.0,0.0,0,12.0,False,False,False,1,False,True,False,False,False,False,False
391,1,1,36.0,1.0,0,65.6344,True,False,True,1,False,False,False,False,False,True,False
392,1,3,21.0,0.0,0,7.7958,True,False,True,1,False,False,False,False,False,False,True
393,0,3,28.0,2.0,0,7.925,True,False,True,1,False,False,False,False,True,False,False
394,1,1,23.0,1.0,0,65.6344,False,False,False,1,False,False,False,False,False,False,False
395,1,3,24.0,0.0,0,16.7,False,False,True,1,True,False,True,False,False,False,False
396,0,3,22.0,0.0,0,7.7958,True,False,True,1,True,False,False,True,False,False,False
397,0,3,31.0,0.0,0,7.8542,False,False,True,2,False,True,False,False,False,False,False
398,0,2,46.0,0.0,0,26.0,True,False,True,2,False,False,False,False,False,True,False
399,0,2,23.0,0.0,0,10.5,True,False,True,2,False,False,False,False,False,False,True
400,1,2,28.0,0.0,0,12.65,False,False,True,2,False,False,False,False,True,False,False
401,1,3,39.0,0.0,0,7.925,True,False,True,2,False,False,False,False,False,False,False
402,0,3,26.0,0.0,0,8.05,True,False,True,2,True,False,True,False,False,False,False
403,0,3,21.0,1.0,0,9.825,False,False,True,2,True,False,False,True,False,False,False
404,0,3,28.0,1.0,0,15.85,True,False,True,2,False,True,False,False,False,False,False
405,0,3,20.0,0.0,0,8.6625,False,False,True,2,False,False,False,False,False,True,False
406,0,2,34.0,1.0,0,21.0,True,False,True,2,False,False,False,False,False,False,True
407,0,3,51.0,0.0,0,7.75,True,False,True,2,False,False,False,False,True,False,False
408,1,2,3.0,1.0,0,18.75,True,False,True,2,False,False,False,False,False,False,False
409,0,3,21.0,0.0,0,7.775,True,False,True,2,True,False,True,False,False,False,False
410,0,3,28.0,2.5,0,25.4667,False,False,True,2,True,False,False,True,False,False,False
411,0,3,28.0,0.0,0,7.8958,True,False,True,2,False,True,False,False,False,False,False
412,0,3,28.0,0.0,0,6.8583,True,True,False,2,False,False,False,False,False,True,False
413,1,1,33.0,1.0,0,65.6344,False,True,False,2,False,False,False,False,False,False,True
414,0,2,28.0,0.0,0,0.0,True,False,True,2,False,False,False,False,True,False,False
415,1,3,44.0,0.0,0,7.925,True,False,True,2,False,False,False,False,False,False,False
416,0,3,28.0,0.0,0,8.05,False,False,True,2,True,False,True,False,False,False,False
417,1,2,34.0,1.0,0,32.5,False,False,True,2,True,False,False,True,False,False,False
418,1,2,18.0,0.0,0,13.0,False,False,True,2,False,True,False,False,False,False,False
419,0,2,30.0,0.0,0,13.0,True,False,True,2,False,False,False,False,False,True,False
420,0,3,10.0,0.0,0,24.15,False,False,True,2,False,False,False,False,False,False,True
421,0,3,28.0,0.0,0,7.8958,True,False,False,2,False,False,False,False,True,False,False
422,0,3,21.0,0.0,0,7.7333,True,True,False,2,False,False,False,False,False,False,False
423,0,3,29.0,0.0,0,7.875,True,False,True,2,True,False,True,False,False,False,False
424,0,3,28.0,1.0,0,14.4,False,False,True,2,True,False,False,True,False,False,False
425,0,3,18.0,1.0,0,20.2125,True,False,True,3,False,True,False,False,False,False,False
426,0,3,28.0,0.0,0,7.25,True,False,True,3,False,False,False,False,False,True,False
427,1,2,28.0,1.0,0,26.0,False,False,True,3,False,False,False,False,False,False,True
428,1,2,19.0,0.0,0,26.0,False,False,True,3,False,False,False,False,True,False,False
429,0,3,28.0,0.0,0,7.75,True,True,False,3,False,False,False,False,False,False,False
430,1,3,32.0,0.0,0,8.05,True,False,True,3,True,False,True,False,False,False,False
431,1,1,28.0,0.0,0,26.55,True,False,True,3,True,False,False,True,False,False,False
432,1,3,28.0,1.0,0,16.1,False,False,True,3,False,True,False,False,False,False,False
433,1,2,42.0,1.0,0,26.0,False,False,True,3,False,False,False,False,False,True,False
434,0,3,17.0,0.0,0,7.125,True,False,True,3,False,False,False,False,False,False,True
435,0,1,50.0,1.0,0,55.9,True,False,True,3,False,False,False,False,True,False,False
436,1,1,14.0,1.0,0,65.6344,False,False,True,3,False,False,False,False,False,False,False
437,0,3,21.0,2.0,0,34.375,False,False,True,3,True,False,True,False,False,False,False
438,1,2,24.0,2.0,0,18.75,False,False,True,3,True,False,False,True,False,False,False
439,0,1,54.5,1.0,0,65.6344,True,False,True,3,False,True,False,False,False,False,False
440,0,2,31.0,0.0,0,10.5,True,False,True,3,False,False,False,False,False,True,False
441,1,2,45.0,1.0,0,26.25,False,False,True,3,False,False,False,False,False,False,True
442,0,3,20.0,0.0,0,9.5,True,False,True,3,False,False,False,False,True,False,False
443,0,3,25.0,1.0,0,7.775,True,False,True,3,False,False,False,False,False,False,False
444,1,2,28.0,0.0,0,13.0,False,False,True,3,True,False,True,False,False,False,False
445,1,3,28.0,0.0,0,8.1125,True,False,True,3,True,False,False,True,False,False,False
446,1,1,4.0,0.0,0,65.6344,True,False,True,3,False,True,False,False,False,False,False
447,1,2,13.0,0.0,0,19.5,False,False,True,3,False,False,False,False,False,True,False
448,1,1,34.0,0.0,0,26.55,True,False,True,3,False,False,False,False,False,False,True
449,1,3,5.0,2.0,0,19.2583,False,False,False,3,False,False,False,False,True,False,False
450,1,1,52.0,0.0,0,30.5,True,False,True,3,False,False,False,False,False,False,False
451,0,2,36.0,1.0,0,27.75,True,False,True,3,True,False,True,False,False,False,False
452,0,3,28.0,1.0,0,19.9667,True,False,True,3,True,False,False,True,False,False,False
453,0,1,30.0,0.0,0,27.75,True,False,False,3,False,True,False,False,False,False,False
454,1,1,49.0,1.0,0,65.6344,True,False,False,3,False,False,False,False,False,True,False
455,0,3,28.0,0.0,0,8.05,True,False,True,3,False,False,False,False,False,False,True
456,1,3,29.0,0.0,0,7.8958,True,False,False,4,False,False,False,False,True,False,False
457,0,1,54.5,0.0,0,26.55,True,False,True,4,False,False,False,False,False,False,False
458,1,1,28.0,1.0,0,51.8625,False,False,True,4,True,False,True,False,False,False,False
459,1,2,50.0,0.0,0,10.5,False,False,True,4,True,False,False,True,False,False,False
460,0,3,28.0,0.0,0,7.75,True,True,False,4,False,True,False,False,False,False,False
461,1,1,48.0,0.0,0,26.55,True,False,True,4,False,False,False,False,False,True,False
462,0,3,34.0,0.0,0,8.05,True,False,True,4,False,False,False,False,False,False,True
463,0,1,47.0,0.0,0,38.5,True,False,True,4,False,False,False,False,True,False,False
464,0,2,48.0,0.0,0,13.0,True,False,True,4,False,False,False,False,False,False,False
465,0,3,28.0,0.0,0,8.05,True,False,True,4,True,False,True,False,False,False,False
466,0,3,38.0,0.0,0,7.05,True,False,True,4,True,False,False,True,False,False,False
467,0,2,28.0,0.0,0,0.0,True,False,True,4,False,True,False,False,False,False,False
468,0,1,54.5,0.0,0,26.55,True,False,True,4,False,False,False,False,False,True,False
469,0,3,28.0,0.0,0,7.725,True,True,False,4,False,False,False,False,False,False,True
470,1,3,2.5,2.0,0,19.2583,False,False,False,4,False,False,False,False,True,False,False
471,0,3,28.0,0.0,0,7.25,True,False,True,4,False,False,False,False,False,False,False
472,0,3,38.0,0.0,0,8.6625,True,False,True,4,True,False,True,False,False,False,False
473,1,2,33.0,1.0,0,27.75,False,False,True,4,True,False,False,True,False,False,False
474,1,2,23.0,0.0,0,13.7917,False,False,False,4,False,True,False,False,False,False,False
475,0,3,22.0,0.0,0,9.8375,False,False,True,4,False,False,False,False,False,True,False
476,0,1,28.0,0.0,0,52.0,True,False,True,4,False,False,False,False,False,False,True
477,0,2,34.0,1.0,0,21.0,True,False,True,4,False,False,False,False,True,False,False
478,0,3,29.0,1.0,0,7.0458,True,False,True,4,False,False,False,False,False,False,False
479,0,3,22.0,0.0,0,7.5208,True,False,True,4,True,False,True,False,False,False,False
480,1,3,2.5,0.0,0,12.2875,False,False,True,4,True,False,False,True,False,False,False
481,0,3,9.0,2.5,0,46.9,True,False,True,4,False,True,False,False,False,False,False
482,0,2,28.0,0.0,0,0.0,True,False,True,4,False,False,False,False,False,True,False
483,0,3,50.0,0.0,0,8.05,True,False,True,4,False,False,False,False,False,False,True
484,1,3,54.5,0.0,0,9.5875,False,False,True,4,False,False,False,False,True,False,False
485,1,1,25.0,1.0,0,65.6344,True,False,False,4,False,False,False,False,False,False,False
486,0,3,28.0,2.5,0,25.4667,False,False,True,5,True,False,True,False,False,False,False
487,1,1,35.0,1.0,0,65.6344,False,False,True,5,True,False,False,True,False,False,False
488,0,1,54.5,0.0,0,29.7,True,False,False,5,False,True,False,False,False,False,False
489,0,3,30.0,0.0,0,8.05,True,False,True,5,False,False,False,False,False,True,False
490,1,3,9.0,1.0,0,15.9,True,False,True,5,False,False,False,False,False,False,True
491,0,3,28.0,1.0,0,19.9667,True,False,True,5,False,False,False,False,True,False,False
492,0,3,21.0,0.0,0,7.25,True,False,True,5,False,False,False,False,False,False,False
493,0,1,54.5,0.0,0,30.5,True,False,True,5,True,False,True,False,False,False,False
494,0,1,54.5,0.0,0,49.5042,True,False,False,5,True,False,False,True,False,False,False
495,0,3,21.0,0.0,0,8.05,True,False,True,5,False,True,False,False,False,False,False
496,0,3,28.0,0.0,0,14.4583,True,False,False,5,False,False,False,False,False,True,False
497,1,1,54.0,1.0,0,65.6344,False,False,False,5,False,False,False,False,False,False,True
498,0,3,28.0,0.0,0,15.1,True,False,True,5,False,False,False,False,True,False,False
499,0,1,25.0,1.0,0,65.6344,False,False,True,5,False,False,False,False,False,False,False
500,0,3,24.0,0.0,0,7.7958,True,False,True,5,True,False,True,False,False,False,False
501,0,3,17.0,0.0,0,8.6625,True,False,True,5,True,False,False,True,False,False,False
502,0,3,21.0,0.0,0,7.75,False,True,False,5,False,True,False,False,False,False,False
503,0,3,28.0,0.0,0,7.6292,False,True,False,5,False,False,False,False,False,True,False
504,0,3,37.0,0.0,0,9.5875,False,False,True,5,False,False,False,False,False,False,True
505,1,1,16.0,0.0,0,65.6344,False,False,True,5,False,False,False,False,True,False,False
506,0,1,18.0,1.0,0,65.6344,True,False,False,5,False,False,False,False,False,False,False
507,1,2,33.0,0.0,0,26.0,False,False,True,5,True,False,True,False,False,False,False
508,1,1,28.0,0.0,0,26.55,True,False,True,5,True,False,False,True,False,False,False
509,0,3,28.0,0.0,0,22.525,True,False,True,5,False,True,False,False,False,False,False
510,1,3,26.0,0.0,0,56.4958,True,False,True,5,False,False,False,False,False,True,False
511,1,3,29.0,0.0,0,7.75,True,True,False,5,False,False,False,False,False,False,True
512,0,3,28.0,0.0,0,8.05,True,False,True,5,False,False,False,False,True,False,False
513,1,1,36.0,0.0,0,26.2875,True,False,True,5,False,False,False,False,False,False,False
514,1,1,54.0,1.0,0,59.4,False,False,False,5,True,False,True,False,False,False,False
515,0,3,24.0,0.0,0,7.4958,True,False,True,5,True,False,False,True,False,False,False
516,0,1,47.0,0.0,0,34.0208,True,False,True,5,False,True,False,False,False,False,False
517,1,2,34.0,0.0,0,10.5,False,False,True,6,False,False,False,False,False,True,False
518,0,3,28.0,0.0,0,24.15,True,True,False,6,False,False,False,False,False,False,True
519,1,2,36.0,1.0,0,26.0,False,False,True,6,False,False,False,False,True,False,False
520,0,3,32.0,0.0,0,7.8958,True,False,True,6,False,False,False,False,False,False,False
521,1,1,30.0,0.0,0,65.6344,False,False,True,6,True,False,True,False,False,False,False
522,0,3,22.0,0.0,0,7.8958,True,False,True,6,True,False,False,True,False,False,False
523,0,3,28.0,0.0,0,7.225,True,False,False,6,False,True,False,False,False,False,False
524,1,1,44.0,0.0,0,57.9792,False,False,False,6,False,False,False,False,False,True,False
525,0,3,28.0,0.0,0,7.2292,True,False,False,6,False,False,False,False,False,False,True
526,0,3,40.5,0.0,0,7.75,True,True,False,6,False,False,False,False,True,False,False
527,1,2,50.0,0.0,0,10.5,False,False,True,6,False,False,False,False,False,False,False
528,0,1,28.0,0.0,0,65.6344,True,False,True,6,True,False,True,False,False,False,False
529,0,3,39.0,0.0,0,7.925,True,False,True,6,True,False,False,True,False,False,False
530,0,2,23.0,2.0,0,11.5,True,False,True,6,False,True,False,False,False,False,False
531,1,2,2.5,1.0,0,26.0,False,False,True,6,False,False,False,False,False,True,False
532,0,3,28.0,0.0,0,7.2292,True,False,False,6,False,False,False,False,False,False,True
533,0,3,17.0,1.0,0,7.2292,True,False,False,6,False,False,False,False,True,False,False
534,1,3,28.0,0.0,0,22.3583,False,False,False,6,False,False,False,False,False,False,False
535,0,3,30.0,0.0,0,8.6625,False,False,True,6,True,False,True,False,False,False,False
536,1,2,7.0,0.0,0,26.25,False,False,True,6,True,False,False,True,False,False,False
537,0,1,45.0,0.0,0,26.55,True,False,True,6,False,True,False,False,False,False,False
538,1,1,30.0,0.0,0,65.6344,False,False,False,6,False,False,False,False,False,True,False
539,0,3,28.0,0.0,0,14.5,True,False,True,6,False,False,False,False,False,False,True
540,1,1,22.0,0.0,0,49.5,False,False,False,6,False,False,False,False,True,False,False
541,1,1,36.0,0.0,0,65.6344,False,False,True,6,False,False,False,False,False,False,False
542,0,3,9.0,2.5,0,31.275,False,False,True,6,True,False,True,False,False,False,False
543,0,3,11.0,2.5,0,31.275,False,False,True,6,True,False,False,True,False,False,False
544,1,2,32.0,1.0,0,26.0,True,False,True,6,False,True,False,False,False,False,False
545,0,1,50.0,1.0,0,65.6344,True,False,False,6,False,False,False,False,False,True,False
546,0,1,54.5,0.0,0,26.0,True,False,True,6,False,False,False,False,False,False,True
547,1,2,19.0,1.0,0,26.0,False,False,True,7,False,False,False,False,True,False,False
548,1,2,28.0,0.0,0,13.8625,True,False,False,7,False,False,False,False,False,False,False
549,0,3,33.0,1.0,0,20.525,True,False,True,7,True,False,True,False,False,False,False
550,1,2,8.0,1.0,0,36.75,True,False,True,7,True,False,False,True,False,False,False
551,1,1,17.0,0.0,0,65.6344,True,False,False,7,False,True,False,False,False,False,False
552,0,2,27.0,0.0,0,26.0,True,False,True,7,False,False,False,False,False,True,False
553,0,3,28.0,0.0,0,7.8292,True,True,False,7,False,False,False,False,False,False,True
554,1,3,22.0,0.0,0,7.225,True,False,False,7,False,False,False,False,True,False,False
555,1,3,22.0,0.0,0,7.775,False,False,True,7,False,False,False,False,False,False,False
556,0,1,54.5,0.0,0,26.55,True,False,True,7,True,False,True,False,False,False,False
557,1,1,48.0,1.0,0,39.6,False,False,False,7,True,False,False,True,False,False,False
558,0,1,28.0,0.0,0,65.6344,True,False,False,7,False,True,False,False,False,False,False
559,1,1,39.0,1.0,0,65.6344,False,False,True,7,False,False,False,False,False,True,False
560,1,3,36.0,1.0,0,17.4,False,False,True,7,False,False,False,False,False,False,True
561,0,3,28.0,0.0,0,7.75,True,True,False,7,False,False,False,False,True,False,False
562,0,3,40.0,0.0,0,7.8958,True,False,True,7,False,False,False,False,False,False,False
563,0,2,28.0,0.0,0,13.5,True,False,True,7,True,False,True,False,False,False,False
564,0,3,28.0,0.0,0,8.05,True,False,True,7,True,False,False,True,False,False,False
565,0,3,28.0,0.0,0,8.05,False,False,True,7,False,True,False,False,False,False,False
566,0,3,24.0,2.0,0,24.15,True,False,True,7,False,False,False,False,False,True,False
567,0,3,19.0,0.0,0,7.8958,True,False,True,7,False,False,False,False,False,False,True
568,0,3,29.0,0.0,0,21.075,False,False,True,7,False,False,False,False,True,False,False
569,0,3,28.0,0.0,0,7.2292,True,False,False,7,False,False,False,False,False,False,False
570,1,3,32.0,0.0,0,7.8542,True,False,True,7,True,False,True,False,False,False,False
571,1,2,54.5,0.0,0,10.5,True,False,True,7,True,False,False,True,False,False,False
572,1,1,53.0,2.0,0,51.4792,False,False,True,7,False,True,False,False,False,False,False
573,1,1,36.0,0.0,0,26.3875,True,False,True,7,False,False,False,False,False,True,False
574,1,3,28.0,0.0,0,7.75,False,True,False,7,False,False,False,False,False,False,True
575,0,3,16.0,0.0,0,8.05,True,False,True,7,False,False,False,False,True,False,False
576,0,3,19.0,0.0,0,14.5,True,False,True,7,False,False,False,False,False,False,False
577,1,2,34.0,0.0,0,13.0,False,False,True,7,True,False,True,False,False,False,False
578,1,1,39.0,1.0,0,55.9,False,False,True,8,True,False,False,True,False,False,False
579,0,3,28.0,1.0,0,14.4583,False,False,False,8,False,True,False,False,False,False,False
580,1,3,32.0,0.0,0,7.925,True,False,True,8,False,False,False,False,False,True,False
581,1,2,25.0,1.0,0,30.0,False,False,True,8,False,False,False,False,False,False,True
582,1,1,39.0,1.0,0,65.6344,False,False,False,8,False,False,False,False,True,False,False
583,0,2,54.0,0.0,0,26.0,True,False,True,8,False,False,False,False,False,False,False
584,0,1,36.0,0.0,0,40.125,True,False,False,8,True,False,True,False,False,False,False
585,0,3,28.0,0.0,0,8.7125,True,False,False,8,True,False,False,True,False,False,False
586,1,1,18.0,0.0,0,65.6344,False,False,True,8,False,True,False,False,False,False,False
587,0,2,47.0,0.0,0,15.0,True,False,True,8,False,False,False,False,False,True,False
588,1,1,54.5,1.0,0,65.6344,True,False,False,8,False,False,False,False,False,False,True
589,0,3,22.0,0.0,0,8.05,True,False,True,8,False,False,False,False,True,False,False
590,0,3,28.0,0.0,0,8.05,True,False,True,8,False,False,False,False,False,False,False
591,0,3,35.0,0.0,0,7.125,True,False,True,8,True,False,True,False,False,False,False
592,1,1,52.0,1.0,0,65.6344,False,False,False,8,True,False,False,True,False,False,False
593,0,3,47.0,0.0,0,7.25,True,False,True,8,False,True,False,False,False,False,False
594,0,3,28.0,0.0,0,7.75,False,True,False,8,False,False,False,False,False,True,False
595,0,2,37.0,1.0,0,26.0,True,False,True,8,False,False,False,False,False,False,True
596,0,3,36.0,1.0,0,24.15,True,False,True,8,False,False,False,False,True,False,False
597,1,2,28.0,0.0,0,33.0,False,False,True,8,False,False,False,False,False,False,False
598,0,3,49.0,0.0,0,0.0,True,False,True,8,True,False,True,False,False,False,False
599,0,3,28.0,0.0,0,7.225,True,False,False,8,True,False,False,True,False,False,False
600,1,1,49.0,1.0,0,56.9292,True,False,False,8,False,True,False,False,False,False,False
601,1,2,24.0,2.0,0,27.0,False,False,True,8,False,False,False,False,False,True,False
602,0,3,28.0,0.0,0,7.8958,True,False,True,8,False,False,False,False,False,False,True
603,0,1,28.0,0.0,0,42.4,True,False,True,8,False,False,False,False,True,False,False
604,0,3,44.0,0.0,0,8.05,True,False,True,8,False,False,False,False,False,False,False
605,1,1,35.0,0.0,0,26.55,True,False,False,8,True,False,True,False,False,False,False
606,0,3,36.0,1.0,0,15.55,True,False,True,8,True,False,False,True,False,False,False
607,0,3,30.0,0.0,0,7.8958,True,False,True,8,False,True,False,False,False,False,False
608,1,1,27.0,0.0,0,30.5,True,False,True,8,False,False,False,False,False,True,False
609,1,2,22.0,1.0,0,41.5792,False,False,False,9,False,False,False,False,False,False,True
610,1,1,40.0,0.0,0,65.6344,False,False,True,9,False,False,False,False,True,False,False
611,0,3,39.0,1.0,0,31.275,False,False,True,9,False,False,False,False,False,False,False
612,0,3,28.0,0.0,0,7.05,True,False,True,9,True,False,True,False,False,False,False
613,1,3,28.0,1.0,0,15.5,False,True,False,9,True,False,False,True,False,False,False
614,0,3,28.0,0.0,0,7.75,True,True,False,9,False,True,False,False,False,False,False
615,0,3,35.0,0.0,0,8.05,True,False,True,9,False,False,False,False,False,True,False
616,1,2,24.0,1.0,0,65.0,False,False,True,9,False,False,False,False,False,False,True
617,0,3,34.0,1.0,0,14.4,True,False,True,9,False,False,False,False,True,False,False
618,0,3,26.0,1.0,0,16.1,False,False,True,9,False,False,False,False,False,False,False
619,1,2,4.0,2.0,0,39.0,False,False,True,9,True,False,True,False,False,False,False
620,0,2,26.0,0.0,0,10.5,True,False,True,9,True,False,False,True,False,False,False
621,0,3,27.0,1.0,0,14.4542,True,False,False,9,False,True,False,False,False,False,False
622,1,1,42.0,1.0,0,52.5542,True,False,True,9,False,False,False,False,False,True,False
623,1,3,20.0,1.0,0,15.7417,True,False,False,9,False,False,False,False,False,False,True
624,0,3,21.0,0.0,0,7.8542,True,False,True,9,False,False,False,False,True,False,False
625,0,3,21.0,0.0,0,16.1,True,False,True,9,False,False,False,False,False,False,False
626,0,1,54.5,0.0,0,32.3208,True,False,True,9,True,False,True,False,False,False,False
627,0,2,54.5,0.0,0,12.35,True,True,False,9,True,False,False,True,False,False,False
628,1,1,21.0,0.0,0,65.6344,False,False,True,9,False,True,False,False,False,False,False
629,0,3,26.0,0.0,0,7.8958,True,False,True,9,False,False,False,False,False,True,False
630,0,3,28.0,0.0,0,7.7333,True,True,False,9,False,False,False,False,False,False,True
631,1,1,54.5,0.0,0,30.0,True,False,True,9,False,False,False,False,True,False,False
632,0,3,51.0,0.0,0,7.0542,True,False,True,9,False,False,False,False,False,False,False
633,1,1,32.0,0.0,0,30.5,True,False,False,9,True,False,True,False,False,False,False
634,0,1,28.0,0.0,0,0.0,True,False,True,9,True,False,False,True,False,False,False
635,0,3,9.0,2.5,0,27.9,False,False,True,9,False,True,False,False,False,False,False
636,1,2,28.0,0.0,0,13.0,False,False,True,9,False,False,False,False,False,True,False
637,0,3,32.0,0.0,0,7.925,True,False,True,9,False,False,False,False,False,False,True
638,0,2,31.0,1.0,0,26.25,True,False,True,9,False,False,False,False,True,False,False
639,0,3,41.0,0.0,0,39.6875,False,False,True,10,False,False,False,False,False,False,False
640,0,3,28.0,1.0,0,16.1,True,False,True,10,True,False,True,False,False,False,False
641,0,3,20.0,0.0,0,7.8542,True,False,True,10,True,False,False,True,False,False,False
642,1,1,24.0,0.0,0,65.6344,False,False,False,10,False,True,False,False,False,False,False
643,0,3,2.5,2.5,0,27.9,False,False,True,10,False,False,False,False,False,True,False
644,1,3,28.0,0.0,0,56.4958,True,False,True,10,False,False,False,False,False,False,True
645,1,3,2.5,2.0,0,19.2583,False,False,False,10,False,False,False,False,True,False,False
646,1,1,48.0,1.0,0,65.6344,True,False,False,10,False,False,False,False,False,False,False
647,0,3,19.0,0.0,0,7.8958,True,False,True,10,True,False,True,False,False,False,False
648,1,1,54.5,0.0,0,35.5,True,False,False,10,True,False,False,True,False,False,False
649,0,3,28.0,0.0,0,7.55,True,False,True,10,False,True,False,False,False,False,False
650,1,3,23.0,0.0,0,7.55,False,False,True,10,False,False,False,False,False,True,False
651,0,3,28.0,0.0,0,7.8958,True,False,True,10,False,False,False,False,False,False,True
652,1,2,18.0,0.0,0,23.0,False,False,True,10,False,False,False,False,True,False,False
653,0,3,21.0,0.0,0,8.4333,True,False,True,10,False,False,False,False,False,False,False
654,1,3,28.0,0.0,0,7.8292,False,True,False,10,True,False,True,False,False,False,False
655,0,3,18.0,0.0,0,6.75,False,True,False,10,True,False,False,True,False,False,False
656,0,2,24.0,2.0,0,65.6344,True,False,True,10,False,True,False,False,False,False,False
657,0,3,28.0,0.0,0,7.8958,True,False,True,10,False,False,False,False,False,True,False
658,0,3,32.0,1.0,0,15.5,False,True,False,10,False,False,False,False,False,False,True
659,0,2,23.0,0.0,0,13.0,True,False,True,10,False,False,False,False,True,False,False
660,0,1,54.5,0.0,0,65.6344,True,False,False,10,False,False,False,False,False,False,False
661,1,1,50.0,2.0,0,65.6344,True,False,True,10,True,False,True,False,False,False,False
662,0,3,40.0,0.0,0,7.225,True,False,False,10,True,False,False,True,False,False,False
663,0,1,47.0,0.0,0,25.5875,True,False,True,10,False,True,False,False,False,False,False
664,0,3,36.0,0.0,0,7.4958,True,False,True,10,False,False,False,False,False,True,False
665,1,3,20.0,1.0,0,7.925,True,False,True,10,False,False,False,False,False,False,True
666,0,2,32.0,2.0,0,65.6344,True,False,True,10,False,False,False,False,True,False,False
667,0,2,25.0,0.0,0,13.0,True,False,True,10,False,False,False,False,False,False,False
668,0,3,28.0,0.0,0,7.775,True,False,True,10,True,False,True,False,False,False,False
669,0,3,43.0,0.0,0,8.05,True,False,True,10,True,False,False,True,False,False,False
670,1,1,28.0,1.0,0,52.0,False,False,True,11,False,True,False,False,False,False,False
671,1,2,40.0,1.0,0,39.0,False,False,True,11,False,False,False,False,False,True,False
672,0,1,31.0,1.0,0,52.0,True,False,True,11,False,False,False,False,False,False,True
673,0,2,54.5,0.0,0,10.5,True,False,True,11,False,False,False,False,True,False,False
674,1,2,31.0,0.0,0,13.0,True,False,True,11,False,False,False,False,False,False,False
675,0,2,28.0,0.0,0,0.0,True,False,True,11,True,False,True,False,False,False,False
676,0,3,18.0,0.0,0,7.775,True,False,True,11,True,False,False,True,False,False,False
677,0,3,24.5,0.0,0,8.05,True,False,True,11,False,True,False,False,False,False,False
678,1,3,18.0,0.0,0,9.8417,False,False,True,11,False,False,False,False,False,True,False
679,0,3,43.0,1.0,0,46.9,False,False,True,11,False,False,False,False,False,False,True
680,1,1,36.0,0.0,0,65.6344,True,False,False,11,False,False,False,False,True,False,False
681,0,3,28.0,0.0,0,8.1375,False,True,False,11,False,False,False,False,False,False,False
682,1,1,27.0,0.0,0,65.6344,True,False,False,11,True,False,True,False,False,False,False
683,0,3,20.0,0.0,0,9.225,True,False,True,11,True,False,False,True,False,False,False
684,0,3,14.0,2.5,0,46.9,True,False,True,11,False,True,False,False,False,False,False
685,0,2,54.5,1.0,0,39.0,True,False,True,11,False,False,False,False,False,True,False
686,0,2,25.0,1.0,0,41.5792,True,False,False,11,False,False,False,False,False,False,True
687,0,3,14.0,2.5,0,39.6875,True,False,True,11,False,False,False,False,True,False,False
688,0,3,19.0,0.0,0,10.1708,True,False,True,11,False,False,False,False,False,False,False
689,0,3,18.0,0.0,0,7.7958,True,False,True,11,True,False,True,False,False,False,False
690,1,1,15.0,0.0,0,65.6344,False,False,True,11,True,False,False,True,False,False,False
691,1,1,31.0,1.0,0,57.0,True,False,True,11,False,True,False,False,False,False,False
692,1,3,4.0,0.0,0,13.4167,False,False,False,11,False,False,False,False,False,True,False
693,1,3,28.0,0.0,0,56.4958,True,False,True,11,False,False,False,False,False,False,True
694,0,3,25.0,0.0,0,7.225,True,False,False,11,False,False,False,False,True,False,False
695,0,1,54.5,0.0,0,26.55,True,False,True,11,False,False,False,False,False,False,False
696,0,2,52.0,0.0,0,13.5,True,False,True,11,True,False,True,False,False,False,False
697,0,3,44.0,0.0,0,8.05,True,False,True,11,True,False,False,True,False,False,False
698,1,3,28.0,0.0,0,7.7333,False,True,False,11,False,True,False,False,False,False,False
699,0,1,49.0,1.0,0,65.6344,True,False,False,11,False,False,False,False,False,True,False
700,0,3,42.0,0.0,0,7.65,True,False,True,12,False,False,False,False,False,False,True
701,1,1,18.0,1.0,0,65.6344,False,False,False,12,False,False,False,False,True,False,False
702,1,1,35.0,0.0,0,26.2875,True,False,True,12,False,False,False,False,False,False,False
703,0,3,18.0,0.0,0,14.4542,False,False,False,12,True,False,True,False,False,False,False
704,0,3,25.0,0.0,0,7.7417,True,True,False,12,True,False,False,True,False,False,False
705,0,3,26.0,1.0,0,7.8542,True,False,True,12,False,True,False,False,False,False,False
706,0,2,39.0,0.0,0,26.0,True,False,True,12,False,False,False,False,False,True,False
707,1,2,45.0,0.0,0,13.5,False,False,True,12,False,False,False,False,False,False,True
708,1,1,42.0,0.0,0,26.2875,True,False,True,12,False,False,False,False,True,False,False
709,1,1,22.0,0.0,0,65.6344,False,False,True,12,False,False,False,False,False,False,False
710,1,3,28.0,1.0,0,15.2458,True,False,False,12,True,False,True,False,False,False,False
711,1,1,24.0,0.0,0,49.5042,False,False,False,12,True,False,False,True,False,False,False
712,0,1,28.0,0.0,0,26.55,True,False,True,12,False,True,False,False,False,False,False
713,1,1,48.0,1.0,0,52.0,True,False,True,12,False,False,False,False,False,True,False
714,0,3,29.0,0.0,0,9.4833,True,False,True,12,False,False,False,False,False,False,True
715,0,2,52.0,0.0,0,13.0,True,False,True,12,False,False,False,False,True,False,False
716,0,3,19.0,0.0,0,7.65,True,False,True,12,False,False,False,False,False,False,False
717,1,1,38.0,0.0,0,65.6344,False,False,False,12,True,False,True,False,False,False,False
718,1,2,27.0,0.0,0,10.5,False,False,True,12,True,False,False,True,False,False,False
719,0,3,28.0,0.0,0,15.5,True,True,False,12,False,True,False,False,False,False,False
720,0,3,33.0,0.0,0,7.775,True,False,True,12,False,False,False,False,False,True,False
721,1,2,6.0,0.0,0,33.0,False,False,True,12,False,False,False,False,False,False,True
722,0,3,17.0,1.0,0,7.0542,True,False,True,12,False,False,False,False,True,False,False
723,0,2,34.0,0.0,0,13.0,True,False,True,12,False,False,False,False,False,False,False
724,0,2,50.0,0.0,0,13.0,True,False,True,12,True,False,True,False,False,False,False
725,1,1,27.0,1.0,0,53.1,True,False,True,12,True,False,False,True,False,False,False
726,0,3,20.0,0.0,0,8.6625,True,False,True,12,False,True,False,False,False,False,False
727,1,2,30.0,2.5,0,21.0,False,False,True,12,False,False,False,False,False,True,False
728,1,3,28.0,0.0,0,7.7375,False,True,False,12,False,False,False,False,False,False,True
729,0,2,25.0,1.0,0,26.0,True,False,True,12,False,False,False,False,True,False,False
730,0,3,25.0,1.0,0,7.925,False,False,True,12,False,False,False,False,False,False,False
731,1,1,29.0,0.0,0,65.6344,False,False,True,1,True,False,True,False,False,False,False
732,0,3,11.0,0.0,0,18.7875,True,False,False,1,True,False,False,True,False,False,False
733,0,2,28.0,0.0,0,0.0,True,False,True,1,False,True,False,False,False,False,False
734,0,2,23.0,0.0,0,13.0,True,False,True,1,False,False,False,False,False,True,False
735,0,2,23.0,0.0,0,13.0,True,False,True,1,False,False,False,False,False,False,True
736,0,3,28.5,0.0,0,16.1,True,False,True,1,False,False,False,False,True,False,False
737,0,3,48.0,1.0,0,34.375,False,False,True,1,False,False,False,False,False,False,False
738,1,1,35.0,0.0,0,65.6344,True,False,False,1,True,False,True,False,False,False,False
739,0,3,28.0,0.0,0,7.8958,True,False,True,1,True,False,False,True,False,False,False
740,0,3,28.0,0.0,0,7.8958,True,False,True,1,False,True,False,False,False,False,False
741,1,1,28.0,0.0,0,30.0,True,False,True,1,False,False,False,False,False,True,False
742,0,1,36.0,1.0,0,65.6344,True,False,True,1,False,False,False,False,False,False,True
743,1,1,21.0,2.0,0,65.6344,False,False,False,1,False,False,False,False,True,False,False
744,0,3,24.0,1.0,0,16.1,True,False,True,1,False,False,False,False,False,False,False
745,1,3,31.0,0.0,0,7.925,True,False,True,1,True,False,True,False,False,False,False
746,0,1,54.5,1.0,0,65.6344,True,False,True,1,True,False,False,True,False,False,False
747,0,3,16.0,1.0,0,20.25,True,False,True,1,False,True,False,False,False,False,False
748,1,2,30.0,0.0,0,13.0,False,False,True,1,False,False,False,False,False,True,False
749,0,1,19.0,1.0,0,53.1,True,False,True,1,False,False,False,False,False,False,True
750,0,3,31.0,0.0,0,7.75,True,True,False,1,False,False,False,False,True,False,False
751,1,2,4.0,1.0,0,23.0,False,False,True,1,False,False,False,False,False,False,False
752,1,3,6.0,0.0,0,12.475,True,False,True,1,True,False,True,False,False,False,False
753,0,3,33.0,0.0,0,9.5,True,False,True,1,True,False,False,True,False,False,False
754,0,3,23.0,0.0,0,7.8958,True,False,True,1,False,True,False,False,False,False,False
755,1,2,48.0,1.0,0,65.0,False,False,True,1,False,False,False,False,False,True,False
756,1,2,2.5,1.0,0,14.5,True,False,True,1,False,False,False,False,False,False,True
757,0,3,28.0,0.0,0,7.7958,True,False,True,1,False,False,False,False,True,False,False
758,0,2,18.0,0.0,0,11.5,True,False,True,1,False,False,False,False,False,False,False
759,0,3,34.0,0.0,0,8.05,True,False,True,1,True,False,True,False,False,False,False
760,1,1,33.0,0.0,0,65.6344,False,False,True,1,True,False,False,True,False,False,False
761,0,3,28.0,0.0,0,14.5,True,False,True,1,False,True,False,False,False,False,False
762,0,3,41.0,0.0,0,7.125,True,False,True,2,False,False,False,False,False,True,False
763,1,3,20.0,0.0,0,7.2292,True,False,False,2,False,False,False,False,False,False,True
764,1,1,36.0,1.0,0,65.6344,False,False,True,2,False,False,False,False,True,False,False
765,0,3,16.0,0.0,0,7.775,True,False,True,2,False,False,False,False,False,False,False
766,1,1,51.0,1.0,0,65.6344,False,False,True,2,True,False,True,False,False,False,False
767,0,1,28.0,0.0,0,39.6,True,False,False,2,True,False,False,True,False,False,False
768,0,3,30.5,0.0,0,7.75,False,True,False,2,False,True,False,False,False,False,False
769,0,3,28.0,1.0,0,24.15,True,True,False,2,False,False,False,False,False,True,False
770,0,3,32.0,0.0,0,8.3625,True,False,True,2,False,False,False,False,False,False,True
771,0,3,24.0,0.0,0,9.5,True,False,True,2,False,False,False,False,True,False,False
772,0,3,48.0,0.0,0,7.8542,True,False,True,2,False,False,False,False,False,False,False
773,0,2,54.5,0.0,0,10.5,False,False,True,2,True,False,True,False,False,False,False
774,0,3,28.0,0.0,0,7.225,True,False,False,2,True,False,False,True,False,False,False
775,1,2,54.0,1.0,0,23.0,False,False,True,2,False,True,False,False,False,False,False
776,0,3,18.0,0.0,0,7.75,True,False,True,2,False,False,False,False,False,True,False
777,0,3,28.0,0.0,0,7.75,True,True,False,2,False,False,False,False,False,False,True
778,1,3,5.0,0.0,0,12.475,False,False,True,2,False,False,False,False,True,False,False
779,0,3,28.0,0.0,0,7.7375,True,True,False,2,False,False,False,False,False,False,False
780,1,1,43.0,0.0,0,65.6344,False,False,True,2,True,False,True,False,False,False,False
781,1,3,13.0,0.0,0,7.2292,False,False,False,2,True,False,False,True,False,False,False
782,1,1,17.0,1.0,0,57.0,False,False,True,2,False,True,False,False,False,False,False
783,0,1,29.0,0.0,0,30.0,True,False,True,2,False,False,False,False,False,True,False
784,0,3,28.0,1.0,0,23.45,True,False,True,2,False,False,False,False,False,False,True
785,0,3,25.0,0.0,0,7.05,True,False,True,2,False,False,False,False,True,False,False
786,0,3,25.0,0.0,0,7.25,True,False,True,2,False,False,False,False,False,False,False
787,1,3,18.0,0.0,0,7.4958,False,False,True,2,True,False,True,False,False,False,False
788,0,3,8.0,2.5,0,29.125,True,True,False,2,True,False,False,True,False,False,False
789,1,3,2.5,1.0,0,20.575,True,False,True,2,False,True,False,False,False,False,False
790,0,1,46.0,0.0,0,65.6344,True,False,False,2,False,False,False,False,False,True,False
791,0,3,28.0,0.0,0,7.75,True,True,False,3,False,False,False,False,False,False,True
792,0,2,16.0,0.0,0,26.0,True,False,True,3,False,False,False,False,True,False,False
793,0,3,28.0,2.5,0,65.6344,False,False,True,3,False,False,False,False,False,False,False
794,0,1,28.0,0.0,0,30.6958,True,False,False,3,True,False,True,False,False,False,False
795,0,3,25.0,0.0,0,7.8958,True,False,True,3,True,False,False,True,False,False,False
796,0,2,39.0,0.0,0,13.0,True,False,True,3,False,True,False,False,False,False,False
797,1,1,49.0,0.0,0,25.9292,False,False,True,3,False,False,False,False,False,True,False
798,1,3,31.0,0.0,0,8.6833,False,False,True,3,False,False,False,False,False,False,True
799,0,3,30.0,0.0,0,7.2292,True,False,False,3,False,False,False,False,True,False,False
800,0,3,30.0,1.0,0,24.15,False,False,True,3,False,False,False,False,False,False,False
801,0,2,34.0,0.0,0,13.0,True,False,True,3,True,False,True,False,False,False,False
802,1,2,31.0,1.0,0,26.25,False,False,True,3,True,False,False,True,False,False,False
803,1,1,11.0,1.0,0,65.6344,True,False,True,3,False,True,False,False,False,False,False
804,1,3,2.5,0.0,0,8.5167,True,False,False,3,False,False,False,False,False,True,False
805,1,3,27.0,0.0,0,6.975,True,False,True,3,False,False,False,False,False,False,True
806,0,3,31.0,0.0,0,7.775,True,False,True,3,False,False,False,False,True,False,False
807,0,1,39.0,0.0,0,0.0,True,False,True,3,False,False,False,False,False,False,False
808,0,3,18.0,0.0,0,7.775,False,False,True,3,True,False,True,False,False,False,False
809,0,2,39.0,0.0,0,13.0,True,False,True,3,True,False,False,True,False,False,False
810,1,1,33.0,1.0,0,53.1,False,False,True,3,False,True,False,False,False,False,False
811,0,3,26.0,0.0,0,7.8875,True,False,True,3,False,False,False,False,False,True,False
812,0,3,39.0,0.0,0,24.15,True,False,True,3,False,False,False,False,False,False,True
813,0,2,35.0,0.0,0,10.5,True,False,True,3,False,False,False,False,True,False,False
814,0,3,6.0,2.5,0,31.275,False,False,True,3,False,False,False,False,False,False,False
815,0,3,30.5,0.0,0,8.05,True,False,True,3,True,False,True,False,False,False,False
816,0,1,28.0,0.0,0,0.0,True,False,True,3,True,False,False,True,False,False,False
817,0,3,23.0,0.0,0,7.925,False,False,True,3,False,True,False,False,False,False,False
818,0,2,31.0,1.0,0,37.0042,True,False,False,3,False,False,False,False,False,True,False
819,0,3,43.0,0.0,0,6.45,True,False,True,3,False,False,False,False,False,False,True
820,0,3,10.0,2.5,0,27.9,True,False,True,3,False,False,False,False,True,False,False
821,1,1,52.0,1.0,0,65.6344,False,False,True,3,False,False,False,False,False,False,False
822,1,3,27.0,0.0,0,8.6625,True,False,True,4,True,False,True,False,False,False,False
823,0,1,38.0,0.0,0,0.0,True,False,True,4,True,False,False,True,False,False,False
824,1,3,27.0,0.0,0,12.475,False,False,True,4,False,True,False,False,False,False,False
825,0,3,2.5,2.5,0,39.6875,True,False,True,4,False,False,False,False,False,True,False
826,0,3,28.0,0.0,0,6.95,True,True,False,4,False,False,False,False,False,False,True
827,0,3,28.0,0.0,0,56.4958,True,False,True,4,False,False,False,False,True,False,False
828,1,2,2.5,0.0,0,37.0042,True,False,False,4,False,False,False,False,False,False,False
829,1,3,28.0,0.0,0,7.75,True,True,False,4,True,False,True,False,False,False,False
830,1,1,54.5,0.0,0,65.6344,False,False,True,4,True,False,False,True,False,False,False
831,1,3,15.0,1.0,0,14.4542,False,False,False,4,False,True,False,False,False,False,False
832,1,2,2.5,1.0,0,18.75,True,False,True,4,False,False,False,False,False,True,False
833,0,3,28.0,0.0,0,7.2292,True,False,False,4,False,False,False,False,False,False,True
834,0,3,23.0,0.0,0,7.8542,True,False,True,4,False,False,False,False,True,False,False
835,0,3,18.0,0.0,0,8.3,True,False,True,4,False,False,False,False,False,False,False
836,1,1,39.0,1.0,0,65.6344,False,False,False,4,True,False,True,False,False,False,False
837,0,3,21.0,0.0,0,8.6625,True,False,True,4,True,False,False,True,False,False,False
838,0,3,28.0,0.0,0,8.05,True,False,True,4,False,True,False,False,False,False,False
839,1,3,32.0,0.0,0,56.4958,True,False,True,4,False,False,False,False,False,True,False
840,1,1,28.0,0.0,0,29.7,True,False,False,4,False,False,False,False,False,False,True
841,0,3,20.0,0.0,0,7.925,True,False,True,4,False,False,False,False,True,False,False
842,0,2,16.0,0.0,0,10.5,True,False,True,4,False,False,False,False,False,False,False
843,1,1,30.0,0.0,0,31.0,False,False,False,4,True,False,True,False,False,False,False
844,0,3,34.5,0.0,0,6.4375,True,False,False,4,True,False,False,True,False,False,False
845,0,3,17.0,0.0,0,8.6625,True,False,True,4,False,True,False,False,False,False,False
846,0,3,42.0,0.0,0,7.55,True,False,True,4,False,False,False,False,False,True,False
847,0,3,28.0,2.5,0,65.6344,True,False,True,4,False,False,False,False,False,False,True
848,0,3,35.0,0.0,0,7.8958,True,False,False,4,False,False,False,False,True,False,False
849,0,2,28.0,0.0,0,33.0,True,False,True,4,False,False,False,False,False,False,False
850,1,1,28.0,1.0,0,65.6344,False,False,False,4,True,False,True,False,False,False,False
851,0,3,4.0,2.5,0,31.275,True,False,True,4,True,False,False,True,False,False,False
852,0,3,54.5,0.0,0,7.775,True,False,True,5,False,True,False,False,False,False,False
853,0,3,9.0,1.0,0,15.2458,False,False,False,5,False,False,False,False,False,True,False
854,1,1,16.0,0.0,0,39.4,False,False,True,5,False,False,False,False,False,False,True
855,0,2,44.0,1.0,0,26.0,False,False,True,5,False,False,False,False,True,False,False
856,1,3,18.0,0.0,0,9.35,False,False,True,5,False,False,False,False,False,False,False
857,1,1,45.0,1.0,0,65.6344,False,False,True,5,True,False,True,False,False,False,False
858,1,1,51.0,0.0,0,26.55,True,False,True,5,True,False,False,True,False,False,False
859,1,3,24.0,0.0,0,19.2583,False,False,False,5,False,True,False,False,False,False,False
860,0,3,28.0,0.0,0,7.2292,True,False,False,5,False,False,False,False,False,True,False
861,0,3,41.0,2.0,0,14.1083,True,False,True,5,False,False,False,False,False,False,True
862,0,2,21.0,1.0,0,11.5,True,False,True,5,False,False,False,False,True,False,False
863,1,1,48.0,0.0,0,25.9292,False,False,True,5,False,False,False,False,False,False,False
864,0,3,28.0,2.5,0,65.6344,False,False,True,5,True,False,True,False,False,False,False
865,0,2,24.0,0.0,0,13.0,True,False,True,5,True,False,False,True,False,False,False
866,1,2,42.0,0.0,0,13.0,False,False,True,5,False,True,False,False,False,False,False
867,1,2,27.0,1.0,0,13.8583,False,False,False,5,False,False,False,False,False,True,False
868,0,1,31.0,0.0,0,50.4958,True,False,True,5,False,False,False,False,False,False,True
869,0,3,28.0,0.0,0,9.5,True,False,True,5,False,False,False,False,True,False,False
870,1,3,4.0,1.0,0,11.1333,True,False,True,5,False,False,False,False,False,False,False
871,0,3,26.0,0.0,0,7.8958,True,False,True,5,True,False,True,False,False,False,False
872,1,1,47.0,1.0,0,52.5542,False,False,True,5,True,False,False,True,False,False,False
873,0,1,33.0,0.0,0,5.0,True,False,True,5,False,True,False,False,False,False,False
874,0,3,47.0,0.0,0,9.0,True,False,True,5,False,False,False,False,False,True,False
875,1,2,28.0,1.0,0,24.0,False,False,False,5,False,False,False,False,False,False,True
876,1,3,15.0,0.0,0,7.225,False,False,False,5,False,False,False,False,True,False,False
877,0,3,20.0,0.0,0,9.8458,True,False,True,5,False,False,False,False,False,False,False
878,0,3,19.0,0.0,0,7.8958,True,False,True,5,True,False,True,False,False,False,False
879,0,3,28.0,0.0,0,7.8958,True,False,True,5,True,False,False,True,False,False,False
880,1,1,54.5,0.0,0,65.6344,False,False,False,5,False,True,False,False,False,False,False
881,1,2,25.0,0.0,0,26.0,False,False,True,5,False,False,False,False,False,True,False
882,0,3,33.0,0.0,0,7.8958,True,False,True,5,False,False,False,False,False,False,True
883,0,3,22.0,0.0,0,10.5167,False,False,True,6,False,False,False,False,True,False,False
884,0,2,28.0,0.0,0,10.5,True,False,True,6,False,False,False,False,False,False,False
885,0,3,25.0,0.0,0,7.05,True,False,True,6,True,False,True,False,False,False,False
886,0,3,39.0,0.0,0,29.125,False,True,False,6,True,False,False,True,False,False,False
887,0,2,27.0,0.0,0,13.0,True,False,True,6,False,True,False,False,False,False,False
888,1,1,19.0,0.0,0,30.0,False,False,True,6,False,False,False,False,False,True,False
889,0,3,28.0,1.0,0,23.45,False,False,True,6,False,False,False,False,False,False,True
890,1,1,26.0,0.0,0,30.0,True,False,False,6,False,False,False,False,True,False,False
891,0,3,32.0,0.0,0,7.75,True,True,False,6,False,False,False,False,False,False,False
